<?xml version="1.0" encoding="UTF-8" standalone="no"?><TaskList Version="2.0"><TaskCategory Handle="handle-3" Name="javaAdvance"><TaskReference Handle="local-30"/><TaskReference Handle="local-31"/><TaskReference Handle="local-32"/><TaskReference Handle="local-33"/><TaskReference Handle="local-34"/><TaskReference Handle="local-35"/><TaskReference Handle="local-36"/><TaskReference Handle="local-37"/><TaskReference Handle="local-38"/><TaskReference Handle="local-39"/><TaskReference Handle="local-40"/><TaskReference Handle="local-41"/><TaskReference Handle="local-42"/><TaskReference Handle="local-43"/><TaskReference Handle="local-44"/><TaskReference Handle="local-45"/><TaskReference Handle="local-46"/><TaskReference Handle="local-47"/><TaskReference Handle="local-48"/><TaskReference Handle="local-49"/><TaskReference Handle="local-50"/><TaskReference Handle="local-51"/><TaskReference Handle="local-52"/><TaskReference Handle="local-53"/><TaskReference Handle="local-54"/><TaskReference Handle="local-55"/><TaskReference Handle="local-56"/><TaskReference Handle="local-57"/><TaskReference Handle="local-58"/><TaskReference Handle="local-59"/><TaskReference Handle="local-60"/><TaskReference Handle="local-61"/><TaskReference Handle="local-62"/><TaskReference Handle="local-63"/><TaskReference Handle="local-64"/><TaskReference Handle="local-65"/><TaskReference Handle="local-66"/><TaskReference Handle="local-67"/><TaskReference Handle="local-68"/><TaskReference Handle="local-69"/><TaskReference Handle="local-70"/><TaskReference Handle="local-71"/><TaskReference Handle="local-72"/><TaskReference Handle="local-73"/><TaskReference Handle="local-74"/><TaskReference Handle="local-75"/><TaskReference Handle="local-76"/></TaskCategory></TaskList>